outreach_id,recipient_email,recipient_name,reply_to,subject,body,status
O-A001,,,,AI support evals,"Hi [Name],

I noticed Intercom's AI customer service positioning. The production risks I would test first are answer-quality evals, tool failures, escalation boundaries, latency, and cost.

I run fixed-scope AI Production Audits for teams with live AI workflows. Want a short teardown outline?

Best,
Dmitrii Petukhov",draft
O-A003,,Vishwanath T R,,Glean AI evals,"Hi Vishwanath,

I saw Glean's enterprise AI assistant positioning. The production risk I would look at first is eval coverage for retrieval quality, permissions, and source grounding as connectors change.

I wrote a short outside-in teardown of how I would review this kind of workflow. Want me to send it?

Best,
Dmitrii Petukhov",draft
O-A016,,Beyang Liu,,Sourcegraph AI evals,"Hi Beyang,

Sourcegraph's AI coding workflows are exactly where repository-level evals, secure context access, and regression testing matter.

I wrote a short outside-in teardown of how I would review an AI coding assistant workflow. Want me to send it?

Best,
Dmitrii Petukhov",draft
O-B002,,,,Freight document workflow,"Hi [Name],

Forto's digital freight forwarding model likely creates repeated workflows around shipment emails, PDFs, and exception handling.

I map one document-heavy workflow and identify where automation can remove manual retyping while keeping humans in control. Worth comparing notes?

Best,
Dmitrii Petukhov",draft
O-C002,,,,CRA engineering workflow,"Hi [Name],

Teltonika Networks' industrial networking products suggest a practical product-security workflow challenge: vulnerability intake, SBOM, evidence, and incident reporting operations.

I help with the engineering side of CRA readiness, not legal compliance advice. Want a short gap-review outline?

Best,
Dmitrii Petukhov",draft
